generation,ge,gi,sparsity,thalamic_ex,thalamic_in,ex_firing_error_norm,inhib_firing_error_norm,psd_peak_error_norm
1,0.8466528979451513,1.6554051876408835,0.527359309095329,5.495936876730595,0.27559113243068367,0.05399637694674719,3.7802931793933277,0.471478171984425
1,1.1730366536510628,1.6793692072178847,0.7811788882498965,3.650072635085589,4.483963093444842,0.9320074056509698,3.505378492135904,1.7907866055279704
1,0.8936259034689038,0.743709139740212,0.5816592045098796,1.2762068649606961,2.2250686594627247,0.9999999999,0.2893104228154126,3.7051034622689762
2,1.1730366536510628,1.6793692072178847,0.7811788882498965,3.650072635085589,4.483963093444842,0.9320074056509698,3.505378492135904,1.7907866055279704
2,0.8936259034689038,0.743709139740212,0.5816592045098796,1.2762068649606961,2.2250686594627247,0.9999999999,0.2893104228154126,3.7051034622689762
2,1.038101092608796,0.21946932801339347,0.33432422608329904,2.838064889441311,3.1187626088086122,0.980741125747314,2.0475310643185085,4.302044087709124
2,0.6070178531990214,1.998051764647875,0.4097174369519916,8.49044521859272,2.644835568578409,0.8148804541094294,4.423606181284493,0.09725396307068933
2,0.8936259034689038,0.743709139740212,0.8643352260954678,1.585418028610931,2.2250686594627247,0.9999999999,0.2269561951827361,4.131515056971703
2,0.002008256949723286,1.3421253246293043,0.9362069341997991,8.40389437894737,0.2167272699301135,0.571310318546716,0.9999999995,4.548209354515894
3,0.8466528979451513,1.6554051876408835,0.527359309095329,5.495936876730595,0.27559113243068367,0.05399637694674719,3.7802931793933277,0.471478171984425
3,0.147323433848145,1.659059533680393,0.9189200273963867,3.682665105068199,3.1673816655696427,0.9042112006297494,1.177804442980431,1.9999999999600002
3,0.1254358451415365,1.6509756267871116,0.33160581317928106,3.7514699649664185,2.3537763013089847,0.8259771743255266,0.4860977426286908,4.426704003268065
3,1.2446133283586003,1.6293717736966782,0.29151622609729666,5.579258917681617,0.27559113243068367,0.053318672702969847,2.3480265139286165,0.6586286257439128
3,0.4501966177902159,1.6554051876408835,0.32896411432428185,5.359915486509509,0.3570412769518143,0.23001194132801325,0.8470786958664414,2.9401672287452545
4,0.4501966177902159,1.6554051876408835,0.32896411432428185,5.359915486509509,0.3570412769518143,0.23001194132801325,0.8470786958664414,2.9401672287452545
4,0.010005645880143021,1.8887631891462986,0.6320089640771753,8.404113819130535,4.72072696436077,0.40651260939182887,3.6844631721097527,0.5943133292457818
4,0.15044483498437736,1.6212864334404244,0.8652041465335071,7.675756803642825,0.0031579816775249014,0.46076357059927553,0.676648257313562,0.5073213971337155
4,0.8936259034689038,0.7926300778072818,0.5816592045098796,1.2716238529714756,1.9432190180352285,0.9999999999,0.12092309878063387,2.89889346699688
4,0.16310523472702543,1.7104201747140366,0.8890267969421348,8.765370964165806,3.0619974432883525,0.7272334009728791,2.495550987929431,0.20196946963596998
4,0.14407865709959705,1.3788782213756443,0.9118379373075545,7.7477508068248016,0.15075740491544898,0.4851035095647087,0.6367755275693182,2.2764372748791875
4,1.2177153907878315,1.6226568847133604,0.28492578435000304,5.495936876730595,0.2345975350683538,0.01927515435597152,1.9603881607856504,0.7072835357761342
5,0.8466528979451513,1.6554051876408835,0.527359309095329,5.495936876730595,0.27559113243068367,0.05399637694674719,3.7802931793933277,0.471478171984425
5,1.2446133283586003,1.6293717736966782,0.29151622609729666,5.579258917681617,0.27559113243068367,0.053318672702969847,2.3480265139286165,0.6586286257439128
5,0.4501966177902159,1.6554051876408835,0.32896411432428185,5.359915486509509,0.3570412769518143,0.23001194132801325,0.8470786958664414,2.9401672287452545
5,0.15044483498437736,1.6212864334404244,0.8652041465335071,7.675756803642825,0.0031579816775249014,0.46076357059927553,0.676648257313562,0.5073213971337155
5,0.16310523472702543,1.7104201747140366,0.8890267969421348,8.765370964165806,3.0619974432883525,0.7272334009728791,2.495550987929431,0.20196946963596998
5,1.2177153907878315,1.6226568847133604,0.28492578435000304,5.495936876730595,0.2345975350683538,0.01927515435597152,1.9603881607856504,0.7072835357761342
5,0.8278150672101835,1.6226568847133604,0.3455860675126199,4.948039662986403,0.27559113243068367,0.25361318019658946,0.12014531126472823,0.566127194177404
6,0.8466528979451513,1.6554051876408835,0.527359309095329,5.495936876730595,0.27559113243068367,0.05399637694674719,3.7802931793933277,0.471478171984425
6,1.2446133283586003,1.6293717736966782,0.29151622609729666,5.579258917681617,0.27559113243068367,0.053318672702969847,2.3480265139286165,0.6586286257439128
6,0.15044483498437736,1.6212864334404244,0.8652041465335071,7.675756803642825,0.0031579816775249014,0.46076357059927553,0.676648257313562,0.5073213971337155
6,0.16310523472702543,1.7104201747140366,0.8890267969421348,8.765370964165806,3.0619974432883525,0.7272334009728791,2.495550987929431,0.20196946963596998
6,0.8278150672101835,1.6226568847133604,0.3455860675126199,4.948039662986403,0.27559113243068367,0.25361318019658946,0.12014531126472823,0.566127194177404
6,1.2802039608109648,1.6226568847133604,0.28492578435000304,5.495936876730595,0.1271733900951304,0.026629877778224408,2.4899710285396317,0.7004165427184812
6,0.1504224809489592,1.6279747690083857,0.8652041465335071,7.839626198428602,0.004718592836865737,0.5160022782737761,0.630479108180831,0.5067461560351445
6,0.4501966177902159,1.7143729269434007,0.35541273981188365,5.547897024577216,0.3208619332097111,0.16497598367601596,0.7673047046825076,3.4561418758767513
7,0.16310523472702543,1.7104201747140366,0.8890267969421348,8.765370964165806,3.0619974432883525,0.7272334009728791,2.495550987929431,0.20196946963596998
7,1.2177153907878315,1.6226568847133604,0.28492578435000304,5.495936876730595,0.2345975350683538,0.01927515435597152,1.9603881607856504,0.7072835357761342
7,0.8278150672101835,1.6226568847133604,0.3455860675126199,4.948039662986403,0.27559113243068367,0.25361318019658946,0.12014531126472823,0.566127194177404
7,1.2446133283586003,1.6775171424323447,0.29151622609729666,5.712649128133199,0.27559113243068367,0.09613305428288364,2.6041162065424257,0.596971523597018
7,0.4501966177902159,1.7143729269434007,0.35541273981188365,5.547897024577216,0.3208619332097111,0.16497598367601596,0.7673047046825076,3.4561418758767513
7,0.8278150672101835,1.6264929988383277,0.33445101178599046,5.058779279799582,0.21875059154308696,0.22140360352591051,0.1282062749708316,2.3679192694098306
7,1.2802039608109648,1.5734219664544062,0.24907702620164274,5.958403998211425,0.3297913314706569,0.1331284477119949,1.9701882963822748,0.5765197307869914
7,1.2263773567877978,1.6233917867730034,0.29151622609729666,5.5583209427306945,0.27559113243068367,0.03994985870586155,2.2328951965006882,0.6548218587138911
7,0.4501966177902159,1.8582246688350381,0.3284082433036214,5.714322112684806,0.27303237447670203,0.12509567300959842,0.8090403100611162,3.95751395020159
7,0.15026457388444922,1.6591381160465406,0.8655723014768335,7.839626198428602,4.251903427951122,0.29181244029083125,3.6236832180799023,0.5126727351077098
7,0.4105946118761532,1.675411789099766,0.6677722409812736,7.173280608560239,0.0031579816775249014,0.4163995758116903,2.36668376672729,0.33856314033783275
7,0.8466528979451513,1.9935649894545275,0.5290028368716282,5.664349578400381,0.3434526140509462,0.08660844147031202,3.7923496675864534,0.4108933357047544
8,0.6070178531990214,1.998051764647875,0.4097174369519916,8.49044521859272,2.644835568578409,0.8148804541094294,4.423606181284493,0.09725396307068933
8,0.4105946118761532,1.675411789099766,0.6677722409812736,7.173280608560239,0.0031579816775249014,0.4163995758116903,2.36668376672729,0.33856314033783275
8,0.8466528979451513,1.9935649894545275,0.5290028368716282,5.664349578400381,0.3434526140509462,0.08660844147031202,3.7923496675864534,0.4108933357047544
8,0.2938285280569465,1.6212864334404244,0.8689233618277947,7.850753514693265,0.07502155955223189,0.6384862838142945,2.7860431530346577,0.27688746209173143
8,0.6070178531990214,1.998051764647875,0.4097174369519916,7.693843958615108,2.644835568578409,0.5107866972406659,3.654541978138663,0.11086778912819992
8,0.6050765002195377,1.993875361382776,0.39586852051187416,8.979905205459456,0.5681931830420754,1.080293391452318,3.2945095170444127,0.18774983355143088
8,0.18276457553645878,1.627221649243964,0.8652041465335071,7.839626198428602,0.04384574543357145,0.5373207246516497,0.26106627298480695,0.44939774512702557
8,0.829038265259144,1.7309862495938866,0.3284082433036214,5.714322112684806,0.27308461855192206,0.017805599904452133,0.5394019158219397,0.49104480446325366
9,0.6050765002195377,1.993875361382776,0.39586852051187416,8.979905205459456,0.5681931830420754,1.080293391452318,3.2945095170444127,0.18774983355143088
9,0.46781125050906963,1.6739525921519607,0.527359309095329,5.495936876730595,0.27553888835546364,0.12279017368990489,0.16244790823607838,0.5042320894090637
9,0.9408906183520562,1.6554051876408835,0.34233691285165474,5.63693608516056,0.3570412769518143,0.015897672865976948,1.3003672852060086,0.4811011674524133
9,0.829038265259144,1.7309862495938866,0.3284082433036214,5.714322112684806,0.27308461855192206,0.017805599904452133,0.5394019158219397,0.49104480446325366
9,0.18247392048102729,1.6279747690083857,0.8652041465335071,7.839626198428602,0.004718592836865737,0.5365667406110066,0.25616106167353936,0.44939774512702557
9,0.16310523472702543,1.5876383094013946,0.8890267969421348,8.765370964165806,0.29552069176780416,0.8641639246043678,0.1602996054766533,0.3681032463787572
9,0.6156034713981147,1.6279747690083857,0.37990663060593854,7.839626198428602,0.0035431204109910297,0.6420789141132085,1.64754236079651,0.3461093276146643
9,0.8277374794511216,1.617596002263459,0.34619856806744825,6.718966427764373,0.27559113243068367,0.3180692280525311,1.7418026004830331,0.38939054944096296
9,0.4501966177902159,1.584997497554588,0.8986567364417686,5.547897024577216,0.3208619332097111,0.016688494818865453,2.51850611286376,0.41693324804623105
9,0.6070178531990214,1.9960241631589184,0.4097174369519916,7.693843958615108,2.6229164206513476,0.5127374830358319,3.6381204707487,0.09354143466747772
9,0.44208729058437135,1.714377942149803,0.946154641246246,5.555433365833401,1.7353530596376574,0.09339696548773894,2.0733472637041683,0.25609243122495834
10,0.46781125050906963,1.6739525921519607,0.527359309095329,5.495936876730595,0.27553888835546364,0.12279017368990489,0.16244790823607838,0.5042320894090637
10,0.9408906183520562,1.6554051876408835,0.34233691285165474,5.63693608516056,0.3570412769518143,0.015897672865976948,1.3003672852060086,0.4811011674524133
10,0.829038265259144,1.7309862495938866,0.3284082433036214,5.714322112684806,0.27308461855192206,0.017805599904452133,0.5394019158219397,0.49104480446325366
10,0.16310523472702543,1.5876383094013946,0.8890267969421348,8.765370964165806,0.29552069176780416,0.8641639246043678,0.1602996054766533,0.3681032463787572
10,0.8277374794511216,1.617596002263459,0.34619856806744825,6.718966427764373,0.27559113243068367,0.3180692280525311,1.7418026004830331,0.38939054944096296
10,0.44208729058437135,1.714377942149803,0.946154641246246,5.555433365833401,1.7353530596376574,0.09339696548773894,2.0733472637041683,0.25609243122495834
10,0.44801334347980903,1.789705014716159,0.3565649601419348,7.839626198428602,0.0035431204109910297,0.5582291437715386,0.1634607017449371,0.4588481956576107
10,0.6035553085035807,1.9958830738426496,0.34317768436974766,7.62468721177849,0.5796954762071895,0.528417411599632,0.8922324670429719,0.3397916027931165
10,0.6070178531990214,1.9908633417418014,0.39675169480990063,7.694487829744424,2.6229164206513476,0.5072724114592686,3.522925104181514,0.12382783747090152
10,0.6070178531990214,1.9960241631589184,0.4038225644393039,7.693843958615108,2.7861387542393663,0.5020607094807106,3.8401380367772378,0.10041580220727214
10,0.4494874820776188,1.6212864334404244,0.8652041465335071,5.698829234587371,0.31580160175090544,0.028709125152513046,2.473764815755967,0.4004164498705317
10,0.4501966177902159,1.584997497554588,0.8986567364417686,5.00265273606456,0.3232633323293008,0.19254865285569603,1.4688949389225725,0.4593020066632575
10,0.6070178531990214,1.998942028498408,0.4097174369519916,7.693843958615108,0.3638832970336827,0.5883151093585198,2.00445662216692,0.3040010964831706
11,0.46781125050906963,1.6739525921519607,0.527359309095329,5.495936876730595,0.27553888835546364,0.12279017368990489,0.16244790823607838,0.5042320894090637
11,0.829038265259144,1.7309862495938866,0.3284082433036214,5.714322112684806,0.27308461855192206,0.017805599904452133,0.5394019158219397,0.49104480446325366
11,0.8277374794511216,1.617596002263459,0.34619856806744825,6.718966427764373,0.27559113243068367,0.3180692280525311,1.7418026004830331,0.38939054944096296
11,0.44208729058437135,1.714377942149803,0.946154641246246,5.555433365833401,1.7353530596376574,0.09339696548773894,2.0733472637041683,0.25609243122495834
11,0.44801334347980903,1.789705014716159,0.3565649601419348,7.839626198428602,0.0035431204109910297,0.5582291437715386,0.1634607017449371,0.4588481956576107
11,0.6035553085035807,1.9958830738426496,0.34317768436974766,7.62468721177849,0.5796954762071895,0.528417411599632,0.8922324670429719,0.3397916027931165
11,0.6070178531990214,1.9908633417418014,0.39675169480990063,7.694487829744424,2.6229164206513476,0.5072724114592686,3.522925104181514,0.12382783747090152
11,0.6070178531990214,1.9960241631589184,0.4038225644393039,7.693843958615108,2.7861387542393663,0.5020607094807106,3.8401380367772378,0.10041580220727214
11,0.4494874820776188,1.6212864334404244,0.8652041465335071,5.698829234587371,0.31580160175090544,0.028709125152513046,2.473764815755967,0.4004164498705317
11,0.4501966177902159,1.584997497554588,0.8986567364417686,5.00265273606456,0.3232633323293008,0.19254865285569603,1.4688949389225725,0.4593020066632575
11,0.48724368994082934,1.6739525921519607,0.527359309095329,5.495936876730595,0.1678912570525541,0.11382475221215634,0.12930855775345765,0.5107184481912711
11,0.16310523472702543,1.5888426035738124,0.8898020872929262,8.717220784976488,0.23355678683872882,0.84618794000193,0.17300386848777782,0.39210967852611084
11,0.9408906183520562,1.6554051876408835,0.34486785527853675,5.63693608516056,0.35983280137432405,0.01647381918972412,1.2774239105819654,0.5139309292010309
12,0.04103723551356481,1.6264829148610866,0.9160706945779505,2.400525987868382,2.2307913167451874,0.9988542996402595,0.10229145446323032,2.281775624331135
12,0.16310523472702543,1.5876383094013946,0.8890267969421348,8.765370964165806,0.29552069176780416,0.8641639246043678,0.1602996054766533,0.3681032463787572
12,0.44208729058437135,1.714377942149803,0.946154641246246,5.555433365833401,1.7353530596376574,0.09339696548773894,2.0733472637041683,0.25609243122495834
12,0.44801334347980903,1.789705014716159,0.3565649601419348,7.839626198428602,0.0035431204109910297,0.5582291437715386,0.1634607017449371,0.4588481956576107
12,0.6070178531990214,1.9934238525410684,0.4097174369519916,8.487651589640503,2.040212306836399,0.841332867731065,3.6782928823214753,0.07245688372949806
12,0.4494874820776188,1.6212864334404244,0.8652041465335071,5.698829234587371,0.31580160175090544,0.028709125152513046,2.473764815755967,0.4004164498705317
12,0.4501966177902159,1.584997497554588,0.8986567364417686,5.00265273606456,0.3232633323293008,0.19254865285569603,1.4688949389225725,0.4593020066632575
12,0.15033831233433728,1.7104201747140366,0.8890267969421348,7.86519168635141,3.0619974432883525,0.38115688749858706,2.0117198917931685,0.18246004128393428
12,0.6156034713981147,1.6279747690083857,0.37990663060593854,7.839626198428602,0.37093928980924584,0.643058052411648,1.6217148275036033,0.32627953250100594
12,0.9408906183520562,1.6554051876408835,0.34486785527853675,5.63693608516056,0.35983280137432405,0.01647381918972412,1.2774239105819654,0.5139309292010309
12,0.16869270512653173,1.945600589458762,0.8652041465335071,7.675756803642825,0.0031579816775249014,0.4678320281862408,0.46353066443167773,0.4816637831420586
12,0.462634946569682,1.790283823313833,0.3565649601419348,7.839626198428602,0.08655213182348476,0.5647231529869754,0.13153490895714812,0.4318082135924177
12,0.9408906183520562,1.6554051876408835,0.2691152514935393,5.63693608516056,0.0009713096091787943,0.05032225254354216,0.3186550101967,0.542217668458194
12,0.4672797194277127,1.998051764647875,0.4180867117872017,7.693843958615108,2.5834623677090622,0.4564913352420082,2.6783638299018238,0.09309493362326439
12,0.09331643822456526,1.6498226460001033,0.8646956646296183,7.733028089154207,3.1412679147838403,0.29642128703841464,1.6931637199485061,0.28335784207156683
12,0.1504128552833814,1.5901515398466517,0.8941685251580387,8.627684764965638,2.7331420562342723,0.6914452048127511,1.9245621448581651,0.13478377745834252
12,0.8377226464638828,1.7770395128598333,0.3279359637633288,5.712386786992592,0.27308461855192206,0.018366875682281014,0.5566226511127964,0.4648924606738154
12,0.4494874820776188,1.6721304633594005,0.8652041465335071,5.50025628910627,0.31580160175090544,0.03964527773342808,2.1415346292625053,0.42204857539491236
12,0.45014679865686524,1.714377942149803,0.946154641246246,5.685924599553972,1.7353530596376574,0.046258251652285795,2.4288710767849024,0.24366985861535073
12,0.6035553085035807,1.6358964271402099,0.3431820374296561,7.62468721177849,0.2590685352413856,0.5385609396198149,0.8007593234864337,0.35437738828586396
12,0.6197144473119782,1.9987223445120381,0.36382217358319313,7.693843958615108,0.34976189416353365,0.5709621584598525,1.3399558832431204,0.328252951236832
13,0.16310523472702543,1.5876383094013946,0.8890267969421348,8.765370964165806,0.29552069176780416,0.8641639246043678,0.1602996054766533,0.3681032463787572
13,0.16869270512653173,1.945600589458762,0.8652041465335071,7.675756803642825,0.0031579816775249014,0.4678320281862408,0.46353066443167773,0.4816637831420586
13,0.45014679865686524,1.714377942149803,0.946154641246246,5.685924599553972,1.7353530596376574,0.046258251652285795,2.4288710767849024,0.24366985861535073
13,0.6070178531990214,1.9934238525410684,0.4097174369519916,8.487651589640503,2.040212306836399,0.841332867731065,3.6782928823214753,0.07245688372949806
13,0.44801334347980903,1.789705014716159,0.3565649601419348,7.839626198428602,0.0035431204109910297,0.5582291437715386,0.1634607017449371,0.4588481956576107
13,0.9408906183520562,1.6554051876408835,0.34486785527853675,5.63693608516056,0.35983280137432405,0.01647381918972412,1.2774239105819654,0.5139309292010309
13,0.04103723551356481,1.6264829148610866,0.9160706945779505,2.400525987868382,2.2307913167451874,0.9988542996402595,0.10229145446323032,2.281775624331135
13,0.4672797194277127,1.998051764647875,0.4180867117872017,7.693843958615108,2.5834623677090622,0.4564913352420082,2.6783638299018238,0.09309493362326439
13,0.462634946569682,1.790283823313833,0.3565649601419348,7.839626198428602,0.08655213182348476,0.5647231529869754,0.13153490895714812,0.4318082135924177
13,0.6035553085035807,1.9958830738426496,0.34317768436974766,7.62468721177849,0.5796954762071895,0.528417411599632,0.8922324670429719,0.3397916027931165
13,0.13571728149653559,1.7098413661163623,0.8890267969421348,7.86519168635141,3.039651447691199,0.37091938224299553,1.8894777846043087,0.21544527533647612
13,0.4501966177902159,1.584997497554588,0.8986567364417686,5.547897024577216,0.3208619332097111,0.016688494818865453,2.51850611286376,0.41693324804623105
13,0.46781125050906963,1.9173031371283655,0.5897695335047028,5.495936876730595,0.02577626501149277,0.1128061949879672,0.41845371960337086,0.4969071006302788
13,0.48724368994082934,1.6739525921519607,0.527359309095329,5.495936876730595,0.1678912570525541,0.11382475221215634,0.12930855775345765,0.5107184481912711
13,0.41709521195685784,1.6549778123560932,0.9412465187035353,5.601543311980191,1.7448846356354073,0.09176430937395193,1.8976011093898113,0.2422980258503668
13,0.13571728149653559,1.7054605491821573,0.8892942735447761,7.86519168635141,2.2131429102317313,0.42603565216636946,0.9134010244451038,0.1343192713870389
13,0.16869270512653173,1.6468704552552298,0.8449701099646764,7.675945665404565,3.354319001889378,0.30903164076502065,2.503044629168598,0.22342038104136785
13,0.19061438107692397,1.563194376501619,0.8868774534046221,8.567869632571222,0.0047313835378669416,0.8082663577544685,0.5223912114996838,0.36389100931648477
13,0.829038265259144,1.7117007391179437,0.3284082433036214,5.7108142460880265,0.27332359011837104,0.01929498767568168,0.5375260407670799,0.5129164974172795
14,0.16310523472702543,1.5876383094013946,0.8890267969421348,8.765370964165806,0.29552069176780416,0.8641639246043678,0.1602996054766533,0.3681032463787572
14,0.4501966177902159,1.584997497554588,0.8986567364417686,5.547897024577216,0.3208619332097111,0.016688494818865453,2.51850611286376,0.41693324804623105
14,0.462634946569682,1.790283823313833,0.3565649601419348,7.839626198428602,0.08655213182348476,0.5647231529869754,0.13153490895714812,0.4318082135924177
14,0.4672797194277127,1.998051764647875,0.4180867117872017,7.693843958615108,2.5834623677090622,0.4564913352420082,2.6783638299018238,0.09309493362326439
14,0.829038265259144,1.7117007391179437,0.3284082433036214,5.7108142460880265,0.27332359011837104,0.01929498767568168,0.5375260407670799,0.5129164974172795
14,0.45014679865686524,1.714377942149803,0.946154641246246,5.685924599553972,1.7353530596376574,0.046258251652285795,2.4288710767849024,0.24366985861535073
14,0.6070178531990214,1.9934238525410684,0.4097174369519916,8.487651589640503,2.040212306836399,0.841332867731065,3.6782928823214753,0.07245688372949806
14,0.13571728149653559,1.7054605491821573,0.8892942735447761,7.86519168635141,2.2131429102317313,0.42603565216636946,0.9134010244451038,0.1343192713870389
14,0.09331643822456526,1.6498226460001033,0.8646956646296183,7.733028089154207,3.1412679147838403,0.29642128703841464,1.6931637199485061,0.28335784207156683
14,0.8571178827499286,1.7345146866616792,0.3052934770856574,6.216834088185828,0.27308461855192206,0.13621642240665469,0.8060695045870746,0.45217069047557146
14,0.15033831233433728,1.7104201747140366,0.8890267969421348,7.86519168635141,3.0619974432883525,0.38115688749858706,2.0117198917931685,0.18246004128393428
14,0.8095951781805275,1.6213040420626565,0.33445101178599046,5.058779279799582,0.21875059154308696,0.2280713514028944,0.12523675489241334,1.3939751312663151
14,0.48724368994082934,1.6739525921519607,0.527359309095329,5.495936876730595,0.1678912570525541,0.11382475221215634,0.12930855775345765,0.5107184481912711
14,0.41709521195685784,1.6549778123560932,0.9412465187035353,5.601543311980191,1.7448846356354073,0.09176430937395193,1.8976011093898113,0.2422980258503668
14,0.1847266654651385,1.5499138823559806,0.872848806063253,7.62468721177849,0.2790157647500038,0.46399235225565294,0.24827005613181646,0.4424835213415693
14,0.9408906183520562,1.6554051876408835,0.34233691285165474,5.874982071018387,0.3570412769518143,0.08692930518559985,1.5904651598050659,0.44642095230700707
14,0.3240373188748343,1.584997497554588,0.9032809793938528,5.600512314940249,0.40447968031025405,0.0799209101971653,0.8368926587181162,0.4585756934882779
14,0.45014679865686524,1.677775380493496,0.9582697266398391,5.496894600784297,1.828524577515872,0.11163545116064537,2.1177810888537723,0.21899391163092868
14,0.829038265259144,1.7116217943430145,0.2927265052065886,5.7108142460880265,0.028538287296209663,0.04220148301795376,0.203387650600932,0.5134848261206167
14,0.03344200353193458,1.6354051536670624,0.9073789649317265,7.8665544303269765,3.0111001236194435,0.3120300763311366,1.1424169707918455,0.2809952549958362
14,0.9408906183520562,1.6629885414960996,0.34486785527853675,5.612628961604301,0.35983280137432405,0.012451468285667854,1.3134879707543636,0.471433982643498
14,0.9492839781915974,1.6191188052053174,0.3173025387032084,5.637339065034076,0.27326015856040187,0.013858297471758799,0.9754649661008511,0.5071981861064865
15,0.829038265259144,1.7117007391179437,0.3284082433036214,5.7108142460880265,0.27332359011837104,0.01929498767568168,0.5375260407670799,0.5129164974172795
15,0.45014679865686524,1.714377942149803,0.946154641246246,5.685924599553972,1.7353530596376574,0.046258251652285795,2.4288710767849024,0.24366985861535073
15,0.9408906183520562,1.6554051876408835,0.34233691285165474,5.874982071018387,0.3570412769518143,0.08692930518559985,1.5904651598050659,0.44642095230700707
15,0.8095951781805275,1.6213040420626565,0.33445101178599046,5.058779279799582,0.21875059154308696,0.2280713514028944,0.12523675489241334,1.3939751312663151
15,0.13571728149653559,1.7054605491821573,0.8892942735447761,7.86519168635141,2.2131429102317313,0.42603565216636946,0.9134010244451038,0.1343192713870389
15,0.9492839781915974,1.6191188052053174,0.3173025387032084,5.637339065034076,0.27326015856040187,0.013858297471758799,0.9754649661008511,0.5071981861064865
15,0.4672797194277127,1.998051764647875,0.4180867117872017,7.693843958615108,2.5834623677090622,0.4564913352420082,2.6783638299018238,0.09309493362326439
15,0.15033831233433728,1.7104201747140366,0.8890267969421348,7.86519168635141,3.0619974432883525,0.38115688749858706,2.0117198917931685,0.18246004128393428
15,0.4681956351310528,1.626781885728101,0.9456930656850133,1.3084635691677668,2.19626733287003,0.9999999999,0.08487889652987313,2.7226825007156967
15,0.41709521195685784,1.6549778123560932,0.9412465187035353,5.601543311980191,1.7448846356354073,0.09176430937395193,1.8976011093898113,0.2422980258503668
15,0.829038265259144,1.7116217943430145,0.2927265052065886,5.7108142460880265,0.028538287296209663,0.04220148301795376,0.203387650600932,0.5134848261206167
15,0.9408906183520562,1.6629885414960996,0.34486785527853675,5.612628961604301,0.35983280137432405,0.012451468285667854,1.3134879707543636,0.471433982643498
15,0.16869270512653173,1.6514860974060745,0.8436007868507656,7.675945665404565,1.4718519895299813,0.4218158889493655,0.34798153070564275,0.18439088914216994
15,0.13571728149653559,1.7183016158199809,0.9073789649317265,7.86519168635141,3.039651447691199,0.3727972763003991,1.8622037296996257,0.22757782551161482
15,0.18276457553645878,1.7837031269163262,0.9002081479886939,7.73986244026817,0.09393930207215373,0.5004668165374353,0.18429376732371913,0.4263703397979215
15,0.1915862245705811,1.6530150711298743,0.9496618422839594,6.97207359667526,3.1620355609061805,0.09865124775160944,2.21153639451757,0.1900657780836808
15,0.4494874820776188,1.5835365574226465,0.8647464835168479,5.50025628910627,0.22732025901922093,0.03429609789019623,2.168389438204022,0.42204857539491236
15,0.1631395597311926,1.5876383094013946,0.8890267969421348,8.530968533066392,0.3121756078848301,0.7736093169073305,0.18465550686589974,0.3850324661558685
15,0.13571728149653559,1.7167726420961813,0.9245087897208181,7.850468310797625,1.4565648212277162,0.46336469170855343,0.20960652611356934,0.19642640691055263
15,0.3240373188748343,1.584997497554588,0.9052578888056229,5.600512314940249,0.38650357596735574,0.0782231570793696,0.8994612821846768,0.4586665455334463
15,0.03344200353193458,1.715890372083861,0.9073789649317265,7.8665544303269765,3.0111001236194435,0.3095702745155707,1.115047410616847,0.2725649769572294
16,0.9408906183520562,1.6629885414960996,0.34486785527853675,5.612628961604301,0.35983280137432405,0.012451468285667854,1.3134879707543636,0.471433982643498
16,0.829038265259144,1.7116217943430145,0.2927265052065886,5.7108142460880265,0.028538287296209663,0.04220148301795376,0.203387650600932,0.5134848261206167
16,0.4672797194277127,1.998051764647875,0.4180867117872017,7.693843958615108,2.5834623677090622,0.4564913352420082,2.6783638299018238,0.09309493362326439
16,0.13571728149653559,1.7054605491821573,0.8892942735447761,7.86519168635141,2.2131429102317313,0.42603565216636946,0.9134010244451038,0.1343192713870389
16,0.41709521195685784,1.6549778123560932,0.9412465187035353,5.601543311980191,1.7448846356354073,0.09176430937395193,1.8976011093898113,0.2422980258503668
16,0.8095951781805275,1.6213040420626565,0.33445101178599046,5.058779279799582,0.21875059154308696,0.2280713514028944,0.12523675489241334,1.3939751312663151
16,0.13571728149653559,1.7183016158199809,0.9073789649317265,7.86519168635141,3.039651447691199,0.3727972763003991,1.8622037296996257,0.22757782551161482
16,0.15033831233433728,1.7104201747140366,0.8890267969421348,7.86519168635141,3.0619974432883525,0.38115688749858706,2.0117198917931685,0.18246004128393428
16,0.03344200353193458,1.715890372083861,0.9073789649317265,7.8665544303269765,3.0111001236194435,0.3095702745155707,1.115047410616847,0.2725649769572294
16,0.9492839781915974,1.6191188052053174,0.3173025387032084,5.637339065034076,0.27326015856040187,0.013858297471758799,0.9754649661008511,0.5071981861064865
16,0.1915862245705811,1.6530150711298743,0.9496618422839594,6.97207359667526,3.1620355609061805,0.09865124775160944,2.21153639451757,0.1900657780836808
16,0.42980000400951734,1.626781885728101,0.9456930656850133,1.3084635691677668,2.19626733287003,0.9999999999,0.08487889652987313,2.7226825007156967
16,0.16869270512653173,1.6514860974060745,0.8436007868507656,7.675945665404565,1.4718519895299813,0.4218158889493655,0.34798153070564275,0.18439088914216994
16,0.4494874820776188,1.5835365574226465,0.8634214818095857,5.50025628910627,2.2310978924678997,0.1531787745559871,2.0861494497993136,0.22444375687014556
16,0.1631395597311926,1.5876383094013946,0.8890267969421348,8.530968533066392,1.6685282858781654,0.7228444427656382,0.8518373978638019,0.10586941641893093
16,0.3173305929338048,1.584997497554588,0.9052578888056229,5.621795528862627,0.38650357596735574,0.07676054317424347,0.8056223327968091,0.4551098768338422
16,0.46391397695524966,1.5204221582310957,0.9032809793938528,5.600512314940249,1.7278913192665155,0.059368612589089584,2.2795977167061228,0.27033929298274423
16,0.9492839781915974,1.6567177109156972,0.316696547209429,5.637339065034076,0.27593450169384254,0.01307692086619779,0.9340436280643225,0.9731178414228439
16,0.11829551539253322,1.7167726420961813,0.9245087897208181,7.856351800256014,1.4565648212277162,0.4504763952826053,0.10947019661236389,0.20031225623609505
16,0.41709521195685784,1.6565787680500088,0.9412465187035353,5.601543311980191,0.42148368160254956,0.015958523713543567,2.3345677061841936,0.3953374086276368
16,0.3731256682610552,1.6342799184214807,0.9499641182880251,5.475410750146316,0.34021761969336695,0.07691256068422371,1.6294941851470601,0.42851487721274634
17,0.8095951781805275,1.6213040420626565,0.33445101178599046,5.058779279799582,0.21875059154308696,0.2280713514028944,0.12523675489241334,1.3939751312663151
17,0.9408906183520562,1.6629885414960996,0.34486785527853675,5.612628961604301,0.35983280137432405,0.012451468285667854,1.3134879707543636,0.471433982643498
17,0.1915862245705811,1.6530150711298743,0.9496618422839594,6.97207359667526,3.1620355609061805,0.09865124775160944,2.21153639451757,0.1900657780836808
17,0.03344200353193458,1.715890372083861,0.9073789649317265,7.8665544303269765,3.0111001236194435,0.3095702745155707,1.115047410616847,0.2725649769572294
17,0.4672797194277127,1.998051764647875,0.4180867117872017,7.693843958615108,2.5834623677090622,0.4564913352420082,2.6783638299018238,0.09309493362326439
17,0.11829551539253322,1.7167726420961813,0.9245087897208181,7.856351800256014,1.4565648212277162,0.4504763952826053,0.10947019661236389,0.20031225623609505
17,0.4681956351310528,1.626781885728101,0.9456930656850133,1.3084635691677668,2.19626733287003,0.9999999999,0.08487889652987313,2.7226825007156967
17,0.3173305929338048,1.584997497554588,0.9052578888056229,5.621795528862627,0.38650357596735574,0.07676054317424347,0.8056223327968091,0.4551098768338422
17,0.13571728149653559,1.7054605491821573,0.8892942735447761,7.86519168635141,2.2131429102317313,0.42603565216636946,0.9134010244451038,0.1343192713870389
17,0.15033831233433728,1.7104201747140366,0.8890267969421348,7.86519168635141,3.0619974432883525,0.38115688749858706,2.0117198917931685,0.18246004128393428
17,0.829038265259144,1.7116217943430145,0.2927265052065886,5.7108142460880265,0.028538287296209663,0.04220148301795376,0.203387650600932,0.5134848261206167
17,0.4494874820776188,1.6717432686709246,0.8804653787877125,5.501746742444671,1.2697639849243563,0.08398722620289287,1.8776377270321545,0.32429410519227764
17,0.8233189009692263,1.7309862495938866,0.33295291112089703,5.714322112684806,0.2292959016940499,0.018535403903016365,0.5075574677568233,0.46538514514826324
17,0.13546625625086076,1.8077577263731115,0.9245087897208181,7.856464509170322,1.4565648212277162,0.46260002960667446,0.21361990425995703,0.15559027390028274
17,0.13929284258944696,1.5876383094013946,0.8888433869223002,8.475292660526955,1.6685282858781654,0.6815695326977903,0.564874040802535,0.1145643923716047
17,0.13571728149653559,1.7183016158199809,0.903447739205959,7.86519168635141,3.039651447691199,0.37209337509557683,1.8625127576939473,0.2678619047142203
17,0.4494874820776188,1.6565117796339064,0.8647464835168479,5.50025628910627,0.38055187122462764,0.046797731449642166,2.078671293070999,0.41693324804623105
17,0.19159482262450672,1.6530150711298743,0.9496618422839594,6.659670576812582,3.1620355609061805,0.01080439845703217,2.0797493641181,0.2236999478423386
17,0.37260226586443845,1.6313678621092145,0.9499641182880251,5.475410750146316,0.34021761969336695,0.0781567018934502,1.6073038849783738,0.4235760458990688
17,0.9492839781915974,1.5837424887044373,0.316696547209429,5.637339065034076,0.27593450169384254,0.013067769569760034,0.975050412204899,0.5176066717652991
18,0.8233189009692263,1.7309862495938866,0.33295291112089703,5.714322112684806,0.2292959016940499,0.018535403903016365,0.5075574677568233,0.46538514514826324
18,0.1915862245705811,1.6530150711298743,0.9496618422839594,6.97207359667526,3.1620355609061805,0.09865124775160944,2.21153639451757,0.1900657780836808
18,0.03344200353193458,1.715890372083861,0.9073789649317265,7.8665544303269765,3.0111001236194435,0.3095702745155707,1.115047410616847,0.2725649769572294
18,0.9408906183520562,1.6629885414960996,0.34486785527853675,5.612628961604301,0.35983280137432405,0.012451468285667854,1.3134879707543636,0.471433982643498
18,0.4681956351310528,1.626781885728101,0.9456930656850133,1.3084635691677668,2.19626733287003,0.9999999999,0.08487889652987313,2.7226825007156967
18,0.8095951781805275,1.6213040420626565,0.33445101178599046,5.058779279799582,0.21875059154308696,0.2280713514028944,0.12523675489241334,1.3939751312663151
18,0.19159482262450672,1.6530150711298743,0.9496618422839594,6.659670576812582,3.1620355609061805,0.01080439845703217,2.0797493641181,0.2236999478423386
18,0.13571728149653559,1.7054605491821573,0.8892942735447761,7.86519168635141,2.2131429102317313,0.42603565216636946,0.9134010244451038,0.1343192713870389
18,0.4672797194277127,1.998051764647875,0.4180867117872017,7.693843958615108,2.5834623677090622,0.4564913352420082,2.6783638299018238,0.09309493362326439
18,0.4494874820776188,1.6565117796339064,0.8647464835168479,5.50025628910627,0.38055187122462764,0.046797731449642166,2.078671293070999,0.41693324804623105
18,0.13929284258944696,1.5876383094013946,0.8888433869223002,8.475292660526955,1.6685282858781654,0.6815695326977903,0.564874040802535,0.1145643923716047
18,0.11854654063820805,1.7167726420961813,0.9245087897208181,9.263474449705804,1.4565648212277162,0.9878861107960646,0.37309585992628325,0.13753787356910097
18,0.13571728149653559,1.7183016158199809,0.9073789649317265,7.86519168635141,3.039651447691199,0.3727972763003991,1.8622037296996257,0.22757782551161482
18,0.16869270512653173,1.6514860974060745,0.8436007868507656,7.675945665404565,1.4718519895299813,0.4218158889493655,0.34798153070564275,0.18439088914216994
18,0.41709521195685784,1.6549778123560932,0.9412465187035353,5.601543311980191,1.7448846356354073,0.09176430937395193,1.8976011093898113,0.2422980258503668
18,0.9492839781915974,1.6191188052053174,0.3173025387032084,5.637339065034076,0.27326015856040187,0.013858297471758799,0.9754649661008511,0.5071981861064865
18,0.13546625625086076,1.8077577263731115,0.8701206637379365,7.856464509170322,1.3633168684694454,0.4646753160765889,0.09682458360677311,0.2018662923778262
18,0.3346980423659753,1.6598471034842637,0.9496618422839594,6.97207359667526,3.0942565522583747,0.1971469228060994,3.360400229474069,0.12649110640420536
18,0.390084064958517,1.6514860974060745,0.8436007868507656,7.675945665404565,1.72892305353635,0.5704730324293892,4.199429910226679,0.09174239296165106
18,0.378638470851104,1.5215726940971623,0.9215627038122788,5.600512314940249,1.568086602094204,0.09735996720546923,1.4137027044407573,0.2967181603190897
18,0.7833719006074034,1.7309862495938866,0.2972832969800546,5.761896238912381,0.27308461855192206,0.036892408493012334,0.14392426024690605,0.5185717565158269
18,0.32196217277989864,1.584997497554588,0.9052578888056229,5.621795528862627,0.4550957357380838,0.07882637251558397,0.8022307760902879,0.45529294597915193
18,0.11854654063820805,1.7167726420961813,0.9245087897208181,9.263474449705804,1.9459670521861552,0.958943666512925,0.870670089926106,0.07826237921092741
19,0.3346980423659753,1.6598471034842637,0.9496618422839594,6.97207359667526,3.0942565522583747,0.1971469228060994,3.360400229474069,0.12649110640420536
19,0.41709521195685784,1.6549778123560932,0.9412465187035353,5.601543311980191,1.7448846356354073,0.09176430937395193,1.8976011093898113,0.2422980258503668
19,0.7833719006074034,1.7309862495938866,0.2972832969800546,5.761896238912381,0.27308461855192206,0.036892408493012334,0.14392426024690605,0.5185717565158269
19,0.8233189009692263,1.7309862495938866,0.33295291112089703,5.714322112684806,0.2292959016940499,0.018535403903016365,0.5075574677568233,0.46538514514826324
19,0.4681956351310528,1.626781885728101,0.9456930656850133,1.3084635691677668,2.19626733287003,0.9999999999,0.08487889652987313,2.7226825007156967
19,0.9492839781915974,1.6191188052053174,0.3173025387032084,5.637339065034076,0.27326015856040187,0.013858297471758799,0.9754649661008511,0.5071981861064865
19,0.8095951781805275,1.6213040420626565,0.33445101178599046,5.058779279799582,0.21875059154308696,0.2280713514028944,0.12523675489241334,1.3939751312663151
19,0.03344200353193458,1.715890372083861,0.9073789649317265,7.8665544303269765,3.0111001236194435,0.3095702745155707,1.115047410616847,0.2725649769572294
19,0.378638470851104,1.5215726940971623,0.9215627038122788,5.600512314940249,1.568086602094204,0.09735996720546923,1.4137027044407573,0.2967181603190897
19,0.11854654063820805,1.7167726420961813,0.9245087897208181,9.263474449705804,1.9459670521861552,0.958943666512925,0.870670089926106,0.07826237921092741
19,0.16869270512653173,1.6514860974060745,0.8436007868507656,7.675945665404565,1.4718519895299813,0.4218158889493655,0.34798153070564275,0.18439088914216994
19,0.13571728149653559,1.7183016158199809,0.9073789649317265,7.86519168635141,3.039651447691199,0.3727972763003991,1.8622037296996257,0.22757782551161482
19,0.11854654063820805,1.7167726420961813,0.9245087897208181,9.263474449705804,1.4565648212277162,0.9878861107960646,0.37309585992628325,0.13753787356910097
19,0.13571728149653559,1.7046043366438728,0.9243026896842157,7.86519168635141,2.229891026306051,0.4247191550201216,0.9530437119041502,0.0970395108514568
19,0.41709521195685784,1.7987495069349135,0.9384279904623495,5.7167347707026615,2.2040938754363317,0.10408499661944925,2.107228536475004,0.17594980344432046
19,0.13546625625086076,1.7987231631431966,0.9388531609451509,7.856464509170322,1.3633168684694454,0.46859343561214384,0.15636245945095253,0.19289461716658918
19,0.13929284258944696,1.5889633111223602,0.8888433869223002,8.366476152324013,1.6685282858781654,0.6421481675775912,0.5491192044903682,0.1376892636793988
19,0.33045500465076044,1.9426871329370856,0.8877871869497237,5.502301417854703,0.5023717943238403,0.12425054623260155,0.7433809479818438,0.44365902822489706
19,0.3346980423659753,1.626220569818452,0.9496618422839594,6.97207359667526,3.0942565522583747,0.1967155562821772,3.411391473466129,0.10165300454447965
19,0.37260226586443845,1.8291419167084513,0.9499641182880251,5.536149010636366,0.2725936080007654,0.05519866758388696,1.7292459812520526,0.4135214625544362
19,0.2398012501854759,1.8581711987108238,0.9384279904623495,7.75737860836623,2.1677569233241,0.4572775653452455,1.9798113523444636,0.03872983346129957
19,0.3549440801140925,1.6342799184214807,0.9500726023853577,5.493083759407979,1.4662591724061174,0.14135352952262575,1.1303144145792898,0.28173569173398144
19,0.19159482262450672,1.7161166782502066,0.9496618422839594,6.659670576812582,3.1620355609061805,0.013220387505605783,2.05942415746298,0.22610838108737813
20,0.2398012501854759,1.8581711987108238,0.9384279904623495,7.75737860836623,2.1677569233241,0.4572775653452455,1.9798113523444636,0.03872983346129957
20,0.7833719006074034,1.7309862495938866,0.2972832969800546,5.761896238912381,0.27308461855192206,0.036892408493012334,0.14392426024690605,0.5185717565158269
20,0.13929284258944696,1.5889633111223602,0.8888433869223002,8.366476152324013,1.6685282858781654,0.6421481675775912,0.5491192044903682,0.1376892636793988
20,0.42980000400951734,1.626781885728101,0.9456930656850133,1.3084635691677668,2.19626733287003,0.9999999999,0.08487889652987313,2.7226825007156967
20,0.13546625625086076,1.7987231631431966,0.9388531609451509,7.856464509170322,1.3633168684694454,0.46859343561214384,0.15636245945095253,0.19289461716658918
20,0.11854654063820805,1.7167726420961813,0.9245087897208181,9.263474449705804,1.4565648212277162,0.9878861107960646,0.37309585992628325,0.13753787356910097
20,0.37260226586443845,1.8291419167084513,0.9499641182880251,5.536149010636366,0.2725936080007654,0.05519866758388696,1.7292459812520526,0.4135214625544362
20,0.9230242992389857,1.6629885414960996,0.32586409079550266,5.72552788401738,0.35983280137432405,0.0230384783410026,1.0203926552233697,0.46228598651136404
20,0.19159482262450672,1.6530150711298743,0.879369161986938,6.659670576812582,3.1620355609061805,0.009580813752972204,2.0747099121693884,2.4376132451838326
20,0.11854654063820805,1.6529976701366549,0.9233719643315554,9.263474449705804,1.830274126478866,0.9722204787578617,0.7542699626224089,0.07331439149160962
20,0.11854654063820805,1.7167726420961813,0.8887848526089002,8.358461474303933,1.4363228416303493,0.6306239494942062,0.15497815698558437,0.19246211748077857
20,0.13571728149653559,1.7054605491821573,0.9595869180290902,6.873806309502138,2.2131429102317313,0.10121039122650466,0.7079772385692223,0.0749999999985
20,0.08017680468466934,1.7158092744759894,0.9073465885541223,9.263474449705804,1.4848565225001156,0.9506141114810314,0.09946798579663435,0.1454876856157249
21,0.8095951781805275,1.6213040420626565,0.33445101178599046,5.058779279799582,0.21875059154308696,0.2280713514028944,0.12523675489241334,1.3939751312663151
21,0.41709521195685784,1.6549778123560932,0.9412465187035353,5.601543311980191,1.7448846356354073,0.09176430937395193,1.8976011093898113,0.2422980258503668
21,0.7833719006074034,1.7309862495938866,0.2972832969800546,5.761896238912381,0.27308461855192206,0.036892408493012334,0.14392426024690605,0.5185717565158269
21,0.8233189009692263,1.7309862495938866,0.33295291112089703,5.714322112684806,0.2292959016940499,0.018535403903016365,0.5075574677568233,0.46538514514826324
21,0.37260226586443845,1.8291419167084513,0.9499641182880251,5.536149010636366,0.2725936080007654,0.05519866758388696,1.7292459812520526,0.4135214625544362
21,0.32196217277989864,1.584997497554588,0.9052578888056229,5.621795528862627,0.4550957357380838,0.07882637251558397,0.8022307760902879,0.45529294597915193
21,0.9408906183520562,1.6629885414960996,0.34486785527853675,5.612628961604301,0.35983280137432405,0.012451468285667854,1.3134879707543636,0.471433982643498
21,0.11829551539253322,1.7167726420961813,0.9245087897208181,7.856351800256014,1.4565648212277162,0.4504763952826053,0.10947019661236389,0.20031225623609505
21,0.19159482262450672,1.6536884359690684,0.9195971766670923,6.659670576812582,3.1620355609061805,0.01157558381241315,2.0846479695892484,0.20432816741293894
21,0.13571728149653559,1.7054605491821573,0.9595869180290902,6.873806309502138,2.2131429102317313,0.10121039122650466,0.7079772385692223,0.0749999999985
21,0.08017680468466934,1.7158092744759894,0.9073465885541223,9.263474449705804,1.4848565225001156,0.9506141114810314,0.09946798579663435,0.1454876856157249
21,0.19523078632016416,1.8581711987108238,0.9502991086982,7.75737860836623,2.1677569233241,0.4288295487303349,1.4094618406700778,0.054006172485652044
21,0.3346980423659753,1.6217942688926374,0.9522845429213751,6.503962457205845,3.0942565522583747,0.03979333002233704,2.986394385102731,0.11547005383561577
21,0.021671787128087316,1.6520963562845354,0.9195334658687991,6.659670576812582,3.1620355609061805,0.08697729849918402,1.2089666078742896,0.3396076167118753
21,0.8233189009692263,1.7309862495938866,0.31048685165972745,5.879850624981316,1.454870493787713,0.010287453801014132,1.2146815098615558,2.029254789284797
21,0.7833719006074034,1.7354125505196982,0.2972832969800546,5.761896238912381,0.27308461855192206,0.03716230325986212,0.1383990493314376,1.8886282499539158
21,0.13571728149653559,1.7054605491821573,0.9595869180290902,1.3669468486378205,2.2138451046827394,0.9999999999,0.08152597358114476,2.923275845062324
21,0.25340232052617145,1.584997497554588,0.9052578888056229,5.879641162929996,0.4550957357380838,0.039460493326145075,0.1420758489498284,0.47893110150712187
21,0.13525971424933056,1.585424039780759,0.8888433869223002,7.854200235326041,1.6685282858781654,0.45450004722489956,0.3709284169316394,0.1085894408595744
21,0.1416156102844978,1.8580258142441952,0.9384279904623495,7.44934674423715,1.6290035377707337,0.3202742990111586,0.31040652932133117,0.1577181029527207
21,0.08017680468466934,1.6541279428420341,0.9072042602144887,9.263474449705804,1.4848565225001156,0.9516217764178883,0.09266384695813185,1.963712470427486
22,0.08017680468466934,1.6541279428420341,0.9072042602144887,9.263474449705804,1.4848565225001156,0.9516217764178883,0.09266384695813185,1.963712470427486
22,0.8095951781805275,1.6213040420626565,0.33445101178599046,5.058779279799582,0.21875059154308696,0.2280713514028944,0.12523675489241334,1.3939751312663151
22,0.1416156102844978,1.8580258142441952,0.9384279904623495,7.44934674423715,1.6290035377707337,0.3202742990111586,0.31040652932133117,0.1577181029527207
22,0.7833719006074034,1.7354125505196982,0.2972832969800546,5.761896238912381,0.27308461855192206,0.03716230325986212,0.1383990493314376,1.8886282499539158
22,0.13571728149653559,1.7054605491821573,0.9595869180290902,6.873806309502138,2.2131429102317313,0.10121039122650466,0.7079772385692223,0.0749999999985
22,0.9408906183520562,1.6629885414960996,0.34486785527853675,5.612628961604301,0.35983280137432405,0.012451468285667854,1.3134879707543636,0.471433982643498
22,0.3346980423659753,1.6217942688926374,0.9522845429213751,6.503962457205845,3.0942565522583747,0.03979333002233704,2.986394385102731,0.11547005383561577
22,0.25340232052617145,1.584997497554588,0.9052578888056229,5.879641162929996,0.4550957357380838,0.039460493326145075,0.1420758489498284,0.47893110150712187
22,0.13525971424933056,1.585424039780759,0.8888433869223002,7.854200235326041,1.6685282858781654,0.45450004722489956,0.3709284169316394,0.1085894408595744
22,0.19529152337791889,1.8313322506813297,0.9502991086982,7.75737860836623,2.1677569233241,0.4271054560662238,1.459109316628127,0.03476108935699513
22,0.11854654063820805,1.7167726420961813,0.8887848526089002,8.358461474303933,1.4363228416303493,0.6306239494942062,0.15497815698558437,0.19246211748077857
22,0.41709521195685784,1.798404683437548,0.9384279904623495,5.7167347707026615,2.2132884140822404,0.10099497685292325,2.1370854241270285,0.1559914527541814
22,0.8529806911694279,1.7012250158133473,0.2929735681647353,5.794460109946254,0.03888414902479463,0.01366843706638161,0.3376340395719453,0.4772315999500557
22,0.19159482262450672,1.7177446430081116,0.9496618422839594,6.659670576812582,3.1620355609061805,0.010723577628967912,2.0428967372728133,0.19610796345838433
22,0.8529806911694279,1.7116217943430145,0.2929735681647353,5.7691616390823715,0.028538287296209663,0.017999339902184504,0.29518708742004834,1.2017695286294416
22,0.08017680468466934,1.8553286303577807,0.9073465885541223,9.263474449705804,1.7144666044628023,0.937445240494506,0.1917334574695775,0.11636866702908048
22,0.1951219144261302,1.5915438523982377,0.9505488105757491,6.335229712743958,1.6257645280072948,0.018045217725130784,0.41108580161487185,0.2287647991524046
22,0.25340232052617145,1.5854112449630358,0.8893980222746666,5.879641162929996,0.4536005673165461,0.04181953727107571,0.15032083735819965,0.4712571838438646
23,0.8095951781805275,1.6213040420626565,0.33445101178599046,5.058779279799582,0.21875059154308696,0.2280713514028944,0.12523675489241334,1.3939751312663151
23,0.1416156102844978,1.8580258142441952,0.9384279904623495,7.44934674423715,1.6290035377707337,0.3202742990111586,0.31040652932133117,0.1577181029527207
23,0.7833719006074034,1.7354125505196982,0.2972832969800546,5.761896238912381,0.27308461855192206,0.03716230325986212,0.1383990493314376,1.8886282499539158
23,0.13571728149653559,1.7054605491821573,0.9595869180290902,6.873806309502138,2.2131429102317313,0.10121039122650466,0.7079772385692223,0.0749999999985
23,0.9408906183520562,1.6629885414960996,0.34486785527853675,5.612628961604301,0.35983280137432405,0.012451468285667854,1.3134879707543636,0.471433982643498
23,0.3346980423659753,1.6217942688926374,0.9522845429213751,6.503962457205845,3.0942565522583747,0.03979333002233704,2.986394385102731,0.11547005383561577
23,0.08017680468466934,1.7158092744759894,0.9073465885541223,9.263474449705804,1.4848565225001156,0.9506141114810314,0.09946798579663435,0.1454876856157249
23,0.7833719006074034,1.7309862495938866,0.2972832969800546,5.761896238912381,0.27308461855192206,0.036892408493012334,0.14392426024690605,0.5185717565158269
23,0.13525971424933056,1.585424039780759,0.8888433869223002,7.854200235326041,1.6685282858781654,0.45450004722489956,0.3709284169316394,0.1085894408595744
23,0.829038265259144,1.7116217943430145,0.2927265052065886,5.604229822636561,0.028538287296209663,0.07493472636250026,0.13084759735233545,0.6023910689788529
23,0.42980000400951734,1.625456884007135,0.9456930656850133,1.417653761634336,2.19626733287003,0.9999999999,0.07829564692371552,3.7501055539949983
23,0.19529152337791889,1.8313322506813297,0.9502991086982,7.75737860836623,2.1677569233241,0.4271054560662238,1.459109316628127,0.03476108935699513
23,0.8282155812764072,1.622175684916375,0.342177626627297,5.703907586317189,0.028538287296209663,0.012150451164962554,0.6596341312158451,0.4972004961013666
23,0.8529806911694279,1.7012250158133473,0.2929735681647353,5.794460109946254,0.03888414902479463,0.01366843706638161,0.3376340395719453,0.4772315999500557
23,0.19159482262450672,1.7177446430081116,0.9496618422839594,6.659670576812582,3.1620355609061805,0.010723577628967912,2.0428967372728133,0.19610796345838433
23,0.8529806911694279,1.7116217943430145,0.2929735681647353,5.7691616390823715,0.028538287296209663,0.017999339902184504,0.29518708742004834,1.2017695286294416
23,0.1951219144261302,1.5915438523982377,0.9505488105757491,6.335229712743958,1.6257645280072948,0.018045217725130784,0.41108580161487185,0.2287647991524046
23,0.11691530266743055,1.7054605491821573,0.9614783263815859,1.0486902747053621,2.2138451046827394,0.9999999999,0.08087252052949116,2.0634921855509125
23,0.3304489914483643,1.6531553601015723,0.9309083800689556,6.659670576812582,2.6409816252905456,0.12155545715315097,2.597692534475291,0.07071067811724055
23,0.13667366899593986,1.7824483595156362,0.9371048300393359,7.910943752870594,1.1837516025907329,0.49921466314409635,0.1030839564273075,0.2380476142800007
24,0.7833719006074034,1.7354125505196982,0.2972832969800546,5.761896238912381,0.27308461855192206,0.03716230325986212,0.1383990493314376,1.8886282499539158
24,0.3346980423659753,1.6217942688926374,0.9522845429213751,6.503962457205845,3.0942565522583747,0.03979333002233704,2.986394385102731,0.11547005383561577
24,0.1951219144261302,1.5915438523982377,0.9505488105757491,6.335229712743958,1.6257645280072948,0.018045217725130784,0.41108580161487185,0.2287647991524046
24,0.1416156102844978,1.8580258142441952,0.9384279904623495,7.44934674423715,1.6290035377707337,0.3202742990111586,0.31040652932133117,0.1577181029527207
24,0.08017680468466934,1.7158092744759894,0.9073465885541223,9.263474449705804,1.4848565225001156,0.9506141114810314,0.09946798579663435,0.1454876856157249
24,0.13667366899593986,1.7824483595156362,0.9371048300393359,7.910943752870594,1.1837516025907329,0.49921466314409635,0.1030839564273075,0.2380476142800007
24,0.13525971424933056,1.585424039780759,0.8888433869223002,7.854200235326041,1.6685282858781654,0.45450004722489956,0.3709284169316394,0.1085894408595744
24,0.19159482262450672,1.7177446430081116,0.9496618422839594,6.659670576812582,3.1620355609061805,0.010723577628967912,2.0428967372728133,0.19610796345838433
24,0.3304489914483643,1.6531553601015723,0.9309083800689556,6.659670576812582,2.6409816252905456,0.12155545715315097,2.597692534475291,0.07071067811724055
24,0.19529152337791889,1.8313322506813297,0.9502991086982,7.75737860836623,2.1677569233241,0.4271054560662238,1.459109316628127,0.03476108935699513
24,0.13571728149653559,1.7054605491821573,0.9595869180290902,6.873806309502138,2.2131429102317313,0.10121039122650466,0.7079772385692223,0.0749999999985
24,0.13929284258944696,1.5889633111223602,0.9245673240342164,9.93522573546906,1.6887702654755323,1.2907473867486872,1.1567814088359667,0.05951190357000018
24,0.19159482262450672,1.7177087579347399,0.9496618422839594,6.659670576812582,3.1620355609061805,0.012111206177537817,2.037750015594628,0.8202133868531347
24,0.13546625625086076,1.8043441844662214,0.870043511308085,8.494578572606558,1.3633168684694454,0.6934691681744096,0.21964400637187856,0.18062391867827196
24,0.8282155812764072,1.622175684916375,0.342177626627297,5.703907586317189,0.028538287296209663,0.012150451164962554,0.6596341312158451,0.4972004961013666
24,0.25340232052617145,1.584997497554588,0.9075903969724917,5.879641162929996,0.4550957357380838,0.039532032267621635,0.14814829274992924,0.465877308588844
24,0.41709521195685784,1.798404683437548,0.9384279904623495,5.7167347707026615,2.2132884140822404,0.10099497685292325,2.1370854241270285,0.1559914527541814
24,0.11854654063820805,1.6529976701366549,0.9233719643315554,9.263474449705804,1.830274126478866,0.9722204787578617,0.7542699626224089,0.07331439149160962
24,0.19529152337791889,1.8313322506813297,0.9497603273963217,7.75737860836623,2.400343323647035,0.4148034407967678,1.6410295128029708,0.07129749878593218
24,0.08017680468466934,1.8553286303577807,0.9073465885541223,9.263474449705804,1.7144666044628023,0.937445240494506,0.1917334574695775,0.11636866702908048
24,0.1416156102844978,1.8526800271443549,0.9384279904623495,7.347023757757839,1.6290035377707337,0.2875190805201527,0.28477650213615296,0.16720745597076406
24,0.47106158986456426,1.6214978133495075,0.9384279904623495,5.75577771542598,2.213664819952314,0.04890257240742428,2.808598797559637,0.16418993066645407
25,0.08017680468466934,1.8553286303577807,0.9073465885541223,9.263474449705804,1.7144666044628023,0.937445240494506,0.1917334574695775,0.11636866702908048
25,0.7833719006074034,1.7354125505196982,0.2972832969800546,5.761896238912381,0.27308461855192206,0.03716230325986212,0.1383990493314376,1.8886282499539158
25,0.11854654063820805,1.6529976701366549,0.9233719643315554,9.263474449705804,1.830274126478866,0.9722204787578617,0.7542699626224089,0.07331439149160962
25,0.3304489914483643,1.6531553601015723,0.9309083800689556,6.659670576812582,2.6409816252905456,0.12155545715315097,2.597692534475291,0.07071067811724055
25,0.13929284258944696,1.5889633111223602,0.9245673240342164,9.93522573546906,1.6887702654755323,1.2907473867486872,1.1567814088359667,0.05951190357000018
25,0.08017680468466934,1.7158092744759894,0.9073465885541223,9.263474449705804,1.4848565225001156,0.9506141114810314,0.09946798579663435,0.1454876856157249
25,0.41709521195685784,1.798404683437548,0.9384279904623495,5.7167347707026615,2.2132884140822404,0.10099497685292325,2.1370854241270285,0.1559914527541814
25,0.13546625625086076,1.8043441844662214,0.870043511308085,8.494578572606558,1.3633168684694454,0.6934691681744096,0.21964400637187856,0.18062391867827196
25,0.47106158986456426,1.6214978133495075,0.9384279904623495,5.75577771542598,2.213664819952314,0.04890257240742428,2.808598797559637,0.16418993066645407
25,0.8282155812764072,1.622175684916375,0.342177626627297,5.703907586317189,0.028538287296209663,0.012150451164962554,0.6596341312158451,0.4972004961013666
25,0.13571728149653559,1.7054605491821573,0.9595869180290902,6.873806309502138,2.2131429102317313,0.10121039122650466,0.7079772385692223,0.0749999999985
25,0.13525971424933056,1.585424039780759,0.8888433869223002,7.854200235326041,1.6685282858781654,0.45450004722489956,0.3709284169316394,0.1085894408595744
25,0.19529152337791889,1.8313322506813297,0.9502991086982,7.75737860836623,2.1677569233241,0.4271054560662238,1.459109316628127,0.03476108935699513
25,0.19529152337791889,1.8313322506813297,0.9497603273963217,7.75737860836623,2.400343323647035,0.4148034407967678,1.6410295128029708,0.07129749878593218
25,0.1951219144261302,1.5915438523982377,0.9505488105757491,6.335229712743958,1.6257645280072948,0.018045217725130784,0.41108580161487185,0.2287647991524046
25,0.3304489914483643,1.6531553601015723,0.9535968658419013,6.659670576812582,3.1568231873473946,0.07976906568258911,3.117848899660205,0.09242113755156339
25,0.2638775934377052,1.6055199344207605,0.9466596033550707,7.064443592110298,2.400343323647035,0.23396919380103406,2.0595371701266543,0.06831300510503106
25,0.13484801640065083,1.591303388413958,0.9525169497090463,6.518616257343654,1.4280122402313435,0.04332259607126282,0.13552319521014397,0.25074887835738174
25,0.11840147120985793,1.7805871129715614,0.9245087897208181,7.856351800256014,1.4565648212277162,0.45091104243354097,0.1060199715325361,0.20936411662837545
25,0.08017680468466934,1.6541279428420341,0.9072042602144887,9.263474449705804,1.5159072198684072,0.951463532148788,0.09146521419808071,3.086381376242892
25,0.19159482262450672,1.7177446430081116,0.9808204882853813,6.659670576812582,3.1620355609061805,0.012147436821183888,2.0555097758179635,0.1940790217029136
25,0.1416156102844978,1.8526800271443549,0.9382407367123773,7.347023757757839,1.6290035377707337,0.2866046548360227,0.28102189810171974,0.1314977819811992
